Workbook

Sheet Sheet1
B3: Name | C3: Abhishek Luitel | F3: Emp ID | G3: AC0008
B4: Job Title | C4: =VLOOKUP(C3,B8:I42,6,0) -> Chocolatier | F4: Salary | G4: {=XLOOKUP(G3,C8:C42,H8:H42)} -> #NAME?
B5: Full Details | C5: {=XLOOKUP(C3,B8:B42,C8:J42)} -> #NAME? | D5: #NAME? | E5: #NAME? | F5: #NAME? | G5: #NAME? | H5: #NAME? | I5: #NAME? | J5: #NAME? | M5: Note: Data Validation is used to enter the data on C3 which acts as a search keyword where job and and full details are displayed using XLookup
B7: Name | C7: Emp ID | D7: Gender | E7: Education Qualification | F7: Date of Join | G7: Job Title | H7: Salary | I7: Age | J7: Bonus
B8: Abhishek Luitel | C8: AC0001 | D8: Male | E8: Bachelor's Degree | F8: 44724 | G8: Chocolatier | H8: 51300 | I8: 26 | J8: {=XLOOKUP(G8,Sheet2!$A$2:$A$11,Sheet2!$B$2:$B$11)} -> #NAME?
B9: Nitesh Kuwar | C9: AC0002 | D9: Female | E9: Diploma | F9: 44975 | G9: Production Operator | H9: 38300 | I9: 32.7 | J9: {=XLOOKUP(G9,Sheet2!$A$2:$A$11,Sheet2!$B$2:$B$11)} -> #NAME?
B10: Atif Bhaijan | C10: AC0003 | D10: Male | E10: High School Diploma | F10: 45540 | G10: Packaging Associate | H10: 31400 | I10: 34.3 | J10: {=XLOOKUP(G10,Sheet2!$A$2:$A$11,Sheet2!$B$2:$B$11)} -> #NAME?
B11: Greck Leanard | C11: AC0004 | D11: Male | E11: Bachelor's Degree | F11: 44520 | G11: Marketing Specialist | H11: 60700 | I11: 29.6 | J11: {=XLOOKUP(G11,Sheet2!$A$2:$A$11,Sheet2!$B$2:$B$11)} -> #NAME?
B12: Samlal | C12: AC0005 | D12: Female | E12: Master's Degree | F12: 43929 | G12: Research Scientist | H12: 77300 | I12: 30.3 | J12: {=XLOOKUP(G12,Sheet2!$A$2:$A$11,Sheet2!$B$2:$B$11)} -> #NAME?
B13: Nitesh Jung | C13: AC0006 | D13: Female | E13: Bachelor's Degree | F13: 45730 | G13: Sales Representative | H13: 49800 | I13: 37.7 | J13: {=XLOOKUP(G13,Sheet2!$A$2:$A$11,Sheet2!$B$2:$B$11)} -> #NAME?
B14: Anil Koirala | C14: AC0007 | D14: Male | E14: High School Diploma | F14: 45293 | G14: Production Operator | H14: 33000 | I14: 31.8 | J14: {=XLOOKUP(G14,Sheet2!$A$2:$A$11,Sheet2!$B$2:$B$11)} -> #NAME?
B15: Surya Bhattrai | C15: AC0008 | D15: Female | E15: Diploma | F15: 44761 | G15: Quality Control | H15: 41900 | I15: 35.9 | J15: {=XLOOKUP(G15,Sheet2!$A$2:$A$11,Sheet2!$B$2:$B$11)} -> #NAME?
B16: Pratik Karki | C16: AC0009 | D16: Male | E16: Bachelor's Degree | F16: 45240 | G16: Research Analyst | H16: 58100 | I16: 31 | J16: {=XLOOKUP(G16,Sheet2!$A$2:$A$11,Sheet2!$B$2:$B$11)} -> #NAME?
B17: Roman Range | C17: AC0010 | D17: Male | E17: Master's Degree | F17: 44372 | G17: Product Manager | H17: 82900 | I17: 31.1 | J17: {=XLOOKUP(G17,Sheet2!$A$2:$A$11,Sheet2!$B$2:$B$11)} -> #NAME?
B18: Anjal Karki | C18: AC0011 | D18: Male | E18: High School Diploma | F18: 45508 | G18: Packaging Associate | H18: 28900 | I18: 30.3 | J18: {=XLOOKUP(G18,Sheet2!$A$2:$A$11,Sheet2!$B$2:$B$11)} -> #NAME?
B19: JK Rowling | C19: AC0012 | D19: Male | E19: Diploma | F19: 44609 | G19: Production Operator | H19: 37300 | I19: 35 | J19: {=XLOOKUP(G19,Sheet2!$A$2:$A$11,Sheet2!$B$2:$B$11)} -> #NAME?
... B42: Football boy | C42: AC0035 | D42: Male | E42: Bachelor's Degree | F42: 44587 | G42: Sales Representative | H42: 46900 | I42: 34.9 | J42: {=XLOOKUP(G42,Sheet2!$A$2:$A$11,Sheet2!$B$2:$B$11)} -> #NAME?

Sheet Sheet2
A1: Job Title | B1: 2025 Bonus
A2: Chocolatier | B2: $ 3,600
A3: Production Operator | B3: $ 2,900
A4: Packaging Associate | B4: $ 2,400
A5: Marketing Specialist | B5: $ 2,500
A6: Research Scientist | B6: $ 2,300
A7: Sales Representative | B7: $ 2,400
A8: Quality Control | B8: $ 3,500
A9: Research Analyst | B9: $ 3,700
A10: Product Manager | B10: $ 3,800
A11: Marketing Manager | B11: $ 3,700
